id	store_code	availability	quantity
6e966a11-fba3-d02f-c416-a3b2f7daf807	4523465	in_stock	10
2daa9034-39e8-870d-5c34-21c8b5df82d3	4523465	in_stock	1
81d9408c-22be-f9b6-dc0a-27db6efe86f9	4523465	in_stock	1
e2c08766-286a-024e-baaa-7bfbc89968be	4523465	in_stock	4
c85a20b2-5454-62c7-619c-d4015345222e	4523465	in_stock	2
b9f990bb-3369-b498-3b7f-21ed188208e2	4523465	in_stock	1
2a62a715-aa2a-b137-1b05-e06aaa9aab49	4523465	in_stock	1
a4dbb5bc-038b-6caf-c3c4-d9592b6fac11	4523465	in_stock	1
5c676aa6-df8c-17c3-0b8a-7bb2127f15c0	4523465	in_stock	1
318fe265-b966-856c-097e-8d103796eee2	4523465	in_stock	1
961866d9-36a3-86a0-65c1-d23e4c5e0ea2	4523465	in_stock	1
9184741b-15e3-9c74-4ab2-3b65063d4159	4523465	in_stock	1
7fc21b76-68f4-990a-e89c-e8332d15de18	4523465	in_stock	1
5d817dda-1880-9444-85eb-b8757970d5f6	4523465	in_stock	1
eaee38d4-62d3-0577-4f3e-197d5b2d659b	4523465	in_stock	1
6d63598b-fa57-2b6d-dfaf-89ffab802c76	4523465	in_stock	1
a6f06edb-2f5d-6244-5ac3-f10df8cd878b	4523465	in_stock	1
ea6399b7-4a90-36c8-5e29-4791fe75be08	4523465	in_stock	5
7debcbde-5678-e591-6e21-11ae1209519a	4523465	in_stock	3
b60242ef-e416-861e-fcdc-f093cd61ff12	4523465	in_stock	1
01013d3a-aa12-9608-2c92-e295e255e922	4523465	in_stock	1
3329cdb0-2357-26d4-9428-12213f141955	4523465	in_stock	2
aebcc5d6-3369-ca0c-be39-87c715daa8c4	4523465	in_stock	1
3dad907f-55c5-df93-c2ea-fc8177e12811	4523465	in_stock	4
f60a7f97-4146-bfdb-415c-9a4dad8e6be0	4523465	in_stock	5
e59a5272-de0d-220e-3e6e-14f9375960ec	4523465	in_stock	1
ba5dd029-366f-ab31-988b-41cd15a32d98	4523465	in_stock	3
37da441e-a8cf-77a4-5b7a-3eb3b16f68fc	4523465	in_stock	3
7c2a7152-114f-9605-6c92-48b7b80a190c	4523465	in_stock	3
edf1fe6e-9a6b-5d44-0308-33b264be7116	4523465	in_stock	1
870bf57d-b93b-288e-993b-61ca957f09ec	4523465	in_stock	2
3552ce34-24ad-8b91-8a1e-270b2a2a3299	4523465	in_stock	2
b61e9f3c-e314-7cb7-b23e-7fb1698035bd	4523465	in_stock	3
f8966e3f-fec7-796e-7fda-ebe3402e19c4	4523465	in_stock	3
0ba93908-1744-4b00-cba4-f45d746a231d	4523465	in_stock	3
29edc84f-535d-9619-c5dd-c66d0af94586	4523465	in_stock	5
9e0a8413-34f3-9f22-1281-36adcf04a10f	4523465	in_stock	4
8b5e6588-e2f1-4cc7-04b6-8394f8e0f61a	4523465	in_stock	2
d6efab9e-c89d-2c3c-4922-82ae41cdff4b	4523465	in_stock	2
89d1d592-9357-864f-6ab5-b8422caf78a9	4523465	in_stock	2
4c3e46af-a6ff-bc60-cace-7b852923bce9	4523465	in_stock	2
9ce2f6c6-f16a-14bc-bd64-c90307e0a991	4523465	in_stock	2
af5d06bf-1b3d-f354-e48e-4155667257ce	4523465	in_stock	1
2b212e4b-417c-a5af-a264-8884a4bcb96e	4523465	in_stock	2
48a92719-a6f5-ef50-b413-7b63a0e88347	4523465	in_stock	1
518e5f6a-b2fe-f050-060f-e1adab2429ee	4523465	in_stock	3
cb32927c-11a3-4f72-5d1b-f05271e1a97e	4523465	in_stock	10
2c18ca2a-7333-2f12-03d3-b020dc0154c7	4523465	in_stock	1
23a5398d-bc3a-43a4-7b31-246986c56df5	4523465	in_stock	1
86be3f79-f332-b352-17cb-81e423feee4e	4523465	in_stock	1
ab57a326-d4cc-b1e6-7cf2-3f9b5b574ade	4523465	in_stock	7
a2e44a5a-2538-fdce-aa88-0938b6c2e455	4523465	in_stock	2
1af6a487-3b56-fde2-40a5-8f6a0a67289c	4523465	in_stock	1
c9ea0225-398c-9b5e-1399-fce99d7e902f	4523465	in_stock	1
08c9f509-8d6d-1084-39ec-eba251d8b071	4523465	in_stock	1
c8296663-299c-1a95-b868-9eb9a6e9b56a	4523465	in_stock	1
1f47c9f8-7544-aa50-e976-37d87dd36dba	4523465	in_stock	2
1b7dccf8-d58c-609c-28c3-b94249b812ff	4523465	in_stock	1
920e2734-b623-60fa-06ad-325579e2e4d1	4523465	in_stock	2
c5ee1f76-432f-b29d-1438-b82ade3621b6	4523465	in_stock	2
6a06d84d-3f24-a7d0-f6b7-cf3e568458db	4523465	in_stock	2
53cf52e5-f954-2105-d7ba-faa7187eb1c8	4523465	in_stock	1
47e4b981-586f-ecbf-0ad4-02cfd880e855	4523465	in_stock	1
2c55391a-1366-1b21-8e7f-e67239c7b37d	4523465	in_stock	1
103122b7-696e-2c3b-a3ab-0749aa1e4345	4523465	in_stock	1
9aca5d30-215c-4c06-f1e1-c5f0493039de	4523465	in_stock	13
18eee970-e350-4659-ba35-7acf83cee44e	4523465	in_stock	1
464e6463-b80f-db91-3db1-3f19ead0497d	4523465	in_stock	1
ba703ca1-3977-0da7-22f9-63bbc8f273cb	4523465	in_stock	2
832cf882-7357-d58a-c1d3-35dda057520a	4523465	in_stock	1
f7da8146-de07-297a-33b8-4545037e6bf4	4523465	in_stock	1
63871a6e-1fc2-f035-3655-4f127eb0aa96	4523465	in_stock	1
9a295322-1278-7d3a-9a5f-200ae7cdb8d0	4523465	in_stock	8
3cef2a19-401f-faae-bd46-315bdb07fcdc	4523465	in_stock	1
ca72b056-584e-fce8-2ea8-def573858044	4523465	in_stock	1
67cfda09-4566-2dd5-bcfe-b40d9fe0182d	4523465	in_stock	2
04617a55-186a-86f6-0491-0378646e5623	4523465	in_stock	1
86a039d6-d2ac-484f-0317-a41bf1842e35	4523465	in_stock	1
1a167ccb-56a1-cc0e-2385-509aa30fce3f	4523465	in_stock	1
f0caf3e4-ea28-d5e6-e4a5-fec86bf237d4	4523465	in_stock	70
73bde51e-410d-0926-23b0-a12e352d236e	4523465	in_stock	21
dad8d07f-8491-8840-fa43-87a92a84bbc2	4523465	in_stock	15
2d6c5f2d-463c-ba9e-11fc-ddf69d263994	4523465	in_stock	5
d6061778-bea0-59f9-4af9-25dc71eedf65	4523465	in_stock	1
3f6074e8-9213-67f1-96bc-d914316e3a65	4523465	in_stock	6
6e7f09cd-f568-d81d-76da-4e73d414adee	4523465	in_stock	1
44ce520f-cc01-c81e-06d4-7564f0810ace	4523465	in_stock	1
a8dfbc64-500a-99b7-b31f-52cf3178496b	4523465	in_stock	2
bec5f845-6765-6520-ce0f-d72ae77786db	4523465	in_stock	1
88db71f8-e2e0-e29b-a098-3789f2988134	4523465	in_stock	1
bbdbf2bf-39ec-282d-acad-3765d93751a6	4523465	in_stock	3
7469fcee-0518-b539-8a78-08e0f7b44f08	4523465	in_stock	3
fa38e935-9041-49e5-fa71-559a6fa8d5e5	4523465	in_stock	1
748bf5d9-3c6b-412d-f14c-a4940d1d0dcb	4523465	in_stock	2
f4af8d5a-7aa0-b11f-5fc0-53972b3d7500	4523465	in_stock	3
9f01bfbf-2930-251d-9e3e-3374bb0a517f	4523465	in_stock	10
5598089c-f5f9-7a54-b746-d186e698b75c	4523465	in_stock	1
89c52a1b-7e29-b006-1c3b-d0a9b7f0c3db	4523465	in_stock	1
059ee4cd-b88e-19be-eff6-9be3ce70f290	4523465	in_stock	1
7bc86071-ba29-1cb5-1ae8-6ca788409003	4523465	in_stock	1
20f85e08-0908-2738-7772-2294a551ad0a	4523465	in_stock	1
8c0842c7-86ed-cb2d-6afe-f7f9871da5a4	4523465	in_stock	5
6c8e91b9-0977-4af9-0e19-785761670680	4523465	in_stock	1
0eb30a83-8586-47ca-dc36-b5c28d68aa3e	4523465	in_stock	2
e37e5e38-cd90-99eb-8d38-2106e794e581	4523465	in_stock	1
8e7d9217-e4b9-c856-a866-0817eed90436	4523465	in_stock	3
c22ad277-9735-11ff-ef15-4fbf6cd46579	4523465	in_stock	5
046e108b-8dee-fc9f-9de6-29750277483f	4523465	in_stock	3
b6d1eaa7-aed6-400e-d245-046b425e2841	4523465	in_stock	6
dff19eae-d3a4-31a1-744b-66434830367f	4523465	in_stock	1
eda9e980-1a13-707e-d468-09c12a7cf28b	4523465	in_stock	4
01eeca8f-a994-1a7c-3ada-fd0465b13553	4523465	in_stock	1
33b30547-bc1a-a334-e4a6-314aa5aee9e4	4523465	in_stock	1
71dfd198-c0e6-578f-83da-227caa3d732a	4523465	in_stock	1
a444f7c9-600e-cece-27ad-7048cf582baa	4523465	in_stock	1
d2e7cca9-87bb-759b-3f0b-31fa5de98eaa	4523465	in_stock	1
63a1da26-48f9-d384-26a2-138f19d2d735	4523465	in_stock	3
98c717ea-3239-9f87-b88d-45fd26c69498	4523465	in_stock	2
554c46db-8498-e02a-06aa-7bbbc9281525	4523465	in_stock	2
f3d8fea8-f134-4f16-9133-0d93986ce21d	4523465	in_stock	1
65decef8-fe38-cc5c-0fe6-7dff4b3ce3e7	4523465	in_stock	1
ea98fa86-02ba-430f-4e68-07962ed197eb	4523465	in_stock	5
008ef6e2-41d5-6564-0be2-41af602152f6	4523465	in_stock	1
41120adf-d8fc-b513-54f6-5ce32e9e9301	4523465	in_stock	
debaba2d-06bf-a663-5843-f0cf78fb9113	4523465	in_stock	9
310b540e-36a3-02a3-7705-c73f56dc282a	4523465	in_stock	3
d4704993-ef0a-3cb9-6bd7-e57fe4717823	4523465	in_stock	2
fd225bf5-9093-d499-117e-513445c459c6	4523465	in_stock	2
deb0d75e-e82d-2218-475d-79128f0e0266	4523465	in_stock	1
77f5fa1b-85a0-217e-2fe3-8798a8bc5bc8	4523465	in_stock	2
a9a3adbb-cec9-f0da-1b39-b980d576fd1b	4523465	in_stock	2
15a1f69f-f8a4-e163-5c25-7e18dfea38d4	4523465	limited_availability	1
f22e6cb8-93a1-be05-cee0-9b84a005b397	4523465	in_stock	3
3a039e2b-27a6-daf5-56dd-4d5041492b01	4523465	in_stock	2
c6a8d0b1-a440-5a34-62ae-5aa3321d1e9e	4523465	in_stock	1
142c40c9-88b3-ae51-7337-bfc685b89fa0	4523465	in_stock	1
1191987b-4af1-eb88-9f43-5e092f119e8e	4523465	in_stock	1
d75f5c11-1f96-6338-4555-8222cd32a0d3	4523465	in_stock	5
1053caa6-f6d2-7fc0-8085-d6dc9b51a511	4523465	in_stock	1
49699388-59de-49ec-d132-8201596b8c50	4523465	in_stock	2
be2c7415-0375-7de6-4960-bccb3ce6467c	4523465	in_stock	2
d1a0308a-bcde-67c9-0ebc-a7c67b464132	4523465	in_stock	1
77b7b6d3-0d74-4bc6-19d0-a636109982ac	4523465	in_stock	1
1a5e6dd2-19ae-eb4e-b0ea-b00d9a94f95d	4523465	in_stock	
b738102f-615f-c2fe-fe0f-812ab219bd1f	4523465	in_stock	
9701a49d-874b-e175-c95e-fcf7b7a1da5c	4523465	in_stock	56
8aad06aa-16e7-1a7b-e34e-9dd78801c325	4523465	in_stock	1
6445a070-0485-746b-2b8b-6757a9276b8e	4523465	in_stock	1
c1d0806c-32fe-b815-05c1-4f8dd98f00f4	4523465	in_stock	1
21311d12-d17c-1b87-f0ca-cbcef78a7d9c	4523465	limited_availability	1
08693c83-1a0d-cdd7-32db-0c337646c2cb	4523465	in_stock	11
0aa879ad-233f-2372-8940-68ceead96907	4523465	in_stock	
